Image,Label,Predicted,Prob_Class_0,Prob_Class_1,Correct
PXL_20220922_131405319.jpg,normal_exposure,normal_exposure,0.9705998301506042,0.029400181025266647,True
PXL_20220922_131411507.jpg,normal_exposure,normal_exposure,0.9752285480499268,0.02477141097187996,True
PXL_20220922_131720092.jpg,normal_exposure,normal_exposure,0.9639484286308289,0.036051616072654724,True
PXL_20220922_131732383.jpg,normal_exposure,normal_exposure,0.9869726300239563,0.013027417473495007,True
PXL_20220922_131746430.jpg,normal_exposure,normal_exposure,0.8927499651908875,0.10725003480911255,True
PXL_20220922_131806066.jpg,normal_exposure,normal_exposure,0.8936441540718079,0.10635591298341751,True
PXL_20220922_131811784.jpg,normal_exposure,normal_exposure,0.7923290729522705,0.20767094194889069,True
PXL_20220922_131844594.PORTRAIT.jpg,normal_exposure,under_exposure,0.23419496417045593,0.7658050060272217,False
PXL_20220922_131951023.PORTRAIT.jpg,normal_exposure,normal_exposure,0.8011273145675659,0.19887271523475647,True
PXL_20220922_132040123.PORTRAIT.jpg,normal_exposure,under_exposure,0.056255605071783066,0.943744421005249,False
PXL_20220922_132052576.PORTRAIT.jpg,normal_exposure,under_exposure,0.052047308534383774,0.9479526877403259,False
PXL_20220922_132845778.PORTRAIT.jpg,normal_exposure,normal_exposure,0.9879079461097717,0.01209203340113163,True
PXL_20220922_132959831.PORTRAIT.jpg,normal_exposure,normal_exposure,0.9708290696144104,0.02917090430855751,True
PXL_20220922_134006137.jpg,normal_exposure,under_exposure,0.13715992867946625,0.8628400564193726,False
PXL_20220922_134022988.jpg,normal_exposure,normal_exposure,0.9116453528404236,0.08835458755493164,True
PXL_20220922_134031823.jpg,normal_exposure,normal_exposure,0.8737698197364807,0.1262301802635193,True
PXL_20220922_134115414.jpg,normal_exposure,normal_exposure,0.8851756453514099,0.11482430249452591,True
PXL_20220922_134119737.jpg,normal_exposure,normal_exposure,0.9404252171516418,0.05957475304603577,True
PXL_20220922_134134361.jpg,normal_exposure,normal_exposure,0.7200424671173096,0.27995750308036804,True
PXL_20220922_134203230.jpg,normal_exposure,normal_exposure,0.7682600021362305,0.2317400425672531,True
PXL_20220922_134339364.PORTRAIT.jpg,normal_exposure,normal_exposure,0.9885514974594116,0.0114484503865242,True
PXL_20220922_134538984.PORTRAIT.jpg,normal_exposure,normal_exposure,0.9978249073028564,0.0021751131862401962,True
PXL_20220922_134605532.PORTRAIT.jpg,normal_exposure,normal_exposure,0.9995245933532715,0.0004753776011057198,True
PXL_20220922_135610252.jpg,normal_exposure,normal_exposure,0.9938310384750366,0.0061688837595283985,True
PXL_20220922_135631351.jpg,normal_exposure,normal_exposure,0.9883249998092651,0.011675015091896057,True
PXL_20220922_135638177.jpg,normal_exposure,normal_exposure,0.9982985854148865,0.0017014171462506056,True
PXL_20220922_135802547.jpg,normal_exposure,normal_exposure,0.9988996982574463,0.0011003304971382022,True
PXL_20220922_135939416.jpg,normal_exposure,normal_exposure,0.8339817523956299,0.1660182625055313,True
PXL_20220922_135940569.jpg,normal_exposure,under_exposure,0.37279075384140015,0.6272092461585999,False
PXL_20220922_135941951.jpg,normal_exposure,normal_exposure,0.9013023972511292,0.09869761765003204,True
PXL_20220922_140046379.jpg,normal_exposure,normal_exposure,0.7777687907218933,0.22223125398159027,True
PXL_20220922_140047100.jpg,normal_exposure,normal_exposure,0.5629135370254517,0.43708646297454834,True
PXL_20220922_140048541.jpg,normal_exposure,normal_exposure,0.5485998392105103,0.45140019059181213,True
PXL_20220922_140315071.PORTRAIT.jpg,normal_exposure,normal_exposure,0.9999339580535889,6.60869263811037e-05,True
PXL_20220922_140335749.PORTRAIT.jpg,normal_exposure,normal_exposure,0.9999455213546753,5.442605834105052e-05,True
PXL_20220922_140337825.PORTRAIT.jpg,normal_exposure,normal_exposure,0.9999381303787231,6.191667489474639e-05,True
PXL_20220922_140339729.PORTRAIT.jpg,normal_exposure,normal_exposure,0.9998487234115601,0.00015120160242076963,True
PXL_20220922_140342859.PORTRAIT.jpg,normal_exposure,normal_exposure,0.9999480247497559,5.194701225263998e-05,True
PXL_20220922_140447635.PORTRAIT.jpg,normal_exposure,normal_exposure,0.9871655702590942,0.012834487482905388,True
PXL_20220922_140951373.jpg,normal_exposure,normal_exposure,0.9564056396484375,0.04359431192278862,True
PXL_20220922_140956208.jpg,normal_exposure,normal_exposure,0.9682925343513489,0.031707391142845154,True
PXL_20220922_141002299.jpg,normal_exposure,normal_exposure,0.8060418367385864,0.19395811855793,True
PXL_20220922_141013772.jpg,normal_exposure,normal_exposure,0.9756365418434143,0.024363480508327484,True
PXL_20220922_141016189.jpg,normal_exposure,normal_exposure,0.9376673102378845,0.06233273819088936,True
PXL_20220922_141017374.jpg,normal_exposure,normal_exposure,0.8319344520568848,0.16806559264659882,True
PXL_20220922_141029313.jpg,normal_exposure,normal_exposure,0.7997990846633911,0.2002008855342865,True
PXL_20220922_141031824.jpg,normal_exposure,normal_exposure,0.7483586668968201,0.2516413629055023,True
PXL_20220922_141038995.jpg,normal_exposure,normal_exposure,0.9576470255851746,0.042352911084890366,True
PXL_20220922_141040848.jpg,normal_exposure,normal_exposure,0.6455674767494202,0.35443249344825745,True
PXL_20220922_141129747.jpg,normal_exposure,normal_exposure,0.8078413605690002,0.19215863943099976,True
PXL_20220922_141135379.jpg,normal_exposure,under_exposure,0.3737150728702545,0.6262848973274231,False
PXL_20220922_141137133.jpg,normal_exposure,normal_exposure,0.8444287180900574,0.1555713266134262,True
PXL_20220922_141142245.jpg,normal_exposure,normal_exposure,0.5806130170822144,0.41938698291778564,True
PXL_20220922_141143935.jpg,normal_exposure,normal_exposure,0.8740633726119995,0.12593664228916168,True
PXL_20220922_141145430.jpg,normal_exposure,normal_exposure,0.6320553421974182,0.36794471740722656,True
PXL_20220922_141205526.jpg,normal_exposure,normal_exposure,0.6593340635299683,0.34066590666770935,True
PXL_20220922_141207125.jpg,normal_exposure,normal_exposure,0.5996444225311279,0.4003555476665497,True
PXL_20220922_141215176.jpg,normal_exposure,normal_exposure,0.6212099194526672,0.37879008054733276,True
PXL_20220922_141458544.PORTRAIT.jpg,normal_exposure,normal_exposure,0.9750731587409973,0.02492680586874485,True
PXL_20220922_141519820.jpg,normal_exposure,normal_exposure,0.8676896095275879,0.1323104351758957,True
PXL_20220922_141605392.jpg,normal_exposure,normal_exposure,0.9153630137443542,0.08463703095912933,True
PXL_20220922_141632698.jpg,normal_exposure,normal_exposure,0.9585638642311096,0.04143616557121277,True
PXL_20220922_141635391.jpg,normal_exposure,normal_exposure,0.9313212633132935,0.06867872178554535,True
PXL_20220922_141639932.jpg,normal_exposure,normal_exposure,0.9651492238044739,0.03485073521733284,True
PXL_20220922_141724943.PORTRAIT.jpg,normal_exposure,normal_exposure,0.992451012134552,0.007548948284238577,True
PXL_20220922_141737535.PORTRAIT.jpg,normal_exposure,normal_exposure,0.9919499158859253,0.008050068281590939,True
PXL_20220922_141746988.PORTRAIT.jpg,normal_exposure,normal_exposure,0.9938321113586426,0.0061678639613091946,True
PXL_20220922_141810468.PORTRAIT.jpg,normal_exposure,normal_exposure,0.9798561334609985,0.020143849775195122,True
PXL_20220922_141826372.PORTRAIT.jpg,normal_exposure,normal_exposure,0.946413516998291,0.053586483001708984,True
PXL_20220922_141835021.PORTRAIT.jpg,normal_exposure,normal_exposure,0.9716749787330627,0.028325045481324196,True
PXL_20220922_141836902.PORTRAIT.jpg,normal_exposure,normal_exposure,0.9150748252868652,0.08492513746023178,True
PXL_20220922_141840168.PORTRAIT.jpg,normal_exposure,normal_exposure,0.9530854225158691,0.046914611011743546,True
PXL_20220922_142041715.PORTRAIT.jpg,normal_exposure,normal_exposure,0.8043254613876343,0.19567449390888214,True
PXL_20220922_142057251.jpg,normal_exposure,under_exposure,0.16766425967216492,0.8323357701301575,False
PXL_20220922_142105039.jpg,normal_exposure,normal_exposure,0.6354821920394897,0.3645177483558655,True
PXL_20220922_142106716.jpg,normal_exposure,normal_exposure,0.7841469645500183,0.21585305035114288,True
PXL_20220922_142108629.jpg,normal_exposure,under_exposure,0.21751812100410461,0.7824819087982178,False
PXL_20220922_142111300.jpg,normal_exposure,under_exposure,0.444038450717926,0.555961549282074,False
PXL_20220922_142112641.jpg,normal_exposure,under_exposure,0.33816957473754883,0.6618304252624512,False
PXL_20220922_142118942.jpg,normal_exposure,normal_exposure,0.5788103938102722,0.421189546585083,True
PXL_20220922_142133535.jpg,normal_exposure,normal_exposure,0.9765670299530029,0.02343294769525528,True
PXL_20220922_142141315.jpg,normal_exposure,under_exposure,0.266226589679718,0.733773410320282,False
PXL_20220922_142144978.jpg,normal_exposure,under_exposure,0.24341435730457306,0.7565856575965881,False
PXL_20220922_142149612.jpg,normal_exposure,under_exposure,0.18938186764717102,0.8106181621551514,False
PXL_20220922_142151943.jpg,normal_exposure,under_exposure,0.26810404658317566,0.7318959832191467,False
PXL_20220922_142153214.jpg,normal_exposure,normal_exposure,0.6038121581077576,0.39618778228759766,True
PXL_20220922_142155246.jpg,normal_exposure,under_exposure,0.24067918956279755,0.7593207955360413,False
PXL_20220922_142156487.jpg,normal_exposure,normal_exposure,0.6077637672424316,0.39223629236221313,True
PXL_20220922_142237800.PORTRAIT.jpg,normal_exposure,normal_exposure,0.9998692274093628,0.00013072042202111334,True
PXL_20220922_142240665.PORTRAIT.jpg,normal_exposure,normal_exposure,0.9999186992645264,8.127024921122938e-05,True
PXL_20220922_142247360.PORTRAIT.jpg,normal_exposure,normal_exposure,0.9999500513076782,4.9986603698926046e-05,True
PXL_20220922_142251582.PORTRAIT.jpg,normal_exposure,normal_exposure,0.9999696016311646,3.0348421205417253e-05,True
PXL_20220922_142254164.PORTRAIT.jpg,normal_exposure,normal_exposure,0.9999697208404541,3.0221401175367646e-05,True
PXL_20220922_142256912.PORTRAIT.jpg,normal_exposure,normal_exposure,0.9999591112136841,4.08758241974283e-05,True
PXL_20220922_142306737.PORTRAIT.jpg,normal_exposure,normal_exposure,0.9999812841415405,1.87685654964298e-05,True
PXL_20220922_142308221.PORTRAIT.jpg,normal_exposure,normal_exposure,0.9999902248382568,9.823169420997147e-06,True
PXL_20220922_142517538.PORTRAIT.jpg,normal_exposure,normal_exposure,0.9987289309501648,0.0012710157316178083,True
PXL_20220922_142529483.PORTRAIT.jpg,normal_exposure,normal_exposure,0.9991795420646667,0.0008204009500332177,True
PXL_20220922_142917997.jpg,normal_exposure,normal_exposure,0.9967702627182007,0.003229755675420165,True
PXL_20220922_142921035.jpg,normal_exposure,normal_exposure,0.988856852054596,0.011143204756081104,True
PXL_20220922_142957675.jpg,normal_exposure,normal_exposure,0.8786293864250183,0.1213705763220787,True
PXL_20220922_143002045.jpg,normal_exposure,normal_exposure,0.9922968745231628,0.007703056558966637,True
PXL_20220922_143012499.jpg,normal_exposure,normal_exposure,0.981830894947052,0.01816905289888382,True
PXL_20220922_143049258.PORTRAIT.jpg,normal_exposure,normal_exposure,0.9865421056747437,0.013457883149385452,True
PXL_20220922_143106968.PORTRAIT.jpg,normal_exposure,normal_exposure,0.9204936027526855,0.07950644940137863,True
PXL_20220922_143139165.PORTRAIT.jpg,normal_exposure,normal_exposure,0.986258864402771,0.013741178438067436,True
PXL_20220922_143230097.jpg,normal_exposure,normal_exposure,0.9971315860748291,0.002868439070880413,True
PXL_20220922_143926991.jpg,normal_exposure,normal_exposure,0.6647927761077881,0.33520716428756714,True
PXL_20220922_143929898.jpg,normal_exposure,normal_exposure,0.6049778461456299,0.3950221538543701,True
PXL_20220922_143950494.jpg,normal_exposure,normal_exposure,0.6933954358100891,0.3066045641899109,True
PXL_20220922_143953061.jpg,normal_exposure,normal_exposure,0.6972401738166809,0.30275988578796387,True
PXL_20220922_144015845.jpg,normal_exposure,normal_exposure,0.6914677023887634,0.3085322976112366,True
PXL_20220922_144038878.jpg,normal_exposure,normal_exposure,0.8874985575675964,0.11250146478414536,True
PXL_20220922_144042686.jpg,normal_exposure,normal_exposure,0.774722695350647,0.22527730464935303,True
PXL_20220922_144126494.jpg,normal_exposure,normal_exposure,0.6935999989509583,0.30640000104904175,True
PXL_20220922_144155487.jpg,normal_exposure,normal_exposure,0.8937548398971558,0.10624518990516663,True
PXL_20220922_144208454.jpg,normal_exposure,normal_exposure,0.9005225300788879,0.09947749972343445,True
PXL_20220922_144225935.jpg,normal_exposure,normal_exposure,0.9462690353393555,0.05373091623187065,True
PXL_20220922_144342994.jpg,normal_exposure,under_exposure,0.20464976131916046,0.795350193977356,False
PXL_20220922_144424020.jpg,normal_exposure,under_exposure,0.40102100372314453,0.5989790558815002,False
PXL_20220922_144431094.jpg,normal_exposure,normal_exposure,0.763339638710022,0.23666031658649445,True
PXL_20220922_144454460.jpg,normal_exposure,normal_exposure,0.6994397044181824,0.30056023597717285,True
PXL_20220922_144457808.jpg,normal_exposure,normal_exposure,0.6451053619384766,0.3548946976661682,True
PXL_20220922_144509854.jpg,normal_exposure,under_exposure,0.14850535988807678,0.8514946699142456,False
PXL_20220922_144522915.jpg,normal_exposure,under_exposure,0.2678445875644684,0.7321553826332092,False
PXL_20220922_144525051.jpg,normal_exposure,under_exposure,0.12361792474985123,0.876382052898407,False
PXL_20220922_144612556.PORTRAIT.jpg,normal_exposure,normal_exposure,0.9876227378845215,0.012377183884382248,True
PXL_20220922_144614653.PORTRAIT.jpg,normal_exposure,normal_exposure,0.9875071048736572,0.012492910958826542,True
PXL_20220922_160742778.jpg,normal_exposure,normal_exposure,0.9985894560813904,0.001410514349117875,True
PXL_20220922_160815863.jpg,normal_exposure,normal_exposure,0.9976886510848999,0.0023113361094146967,True
PXL_20220922_160826611.jpg,normal_exposure,normal_exposure,0.9979274272918701,0.0020725184585899115,True
PXL_20220922_160944429.jpg,normal_exposure,normal_exposure,0.9976274371147156,0.002372587798163295,True
PXL_20220922_160954446.jpg,normal_exposure,normal_exposure,0.9987278580665588,0.0012721555540338159,True
PXL_20220922_161004335.jpg,normal_exposure,normal_exposure,0.9987974166870117,0.0012025681789964437,True
PXL_20220922_161017221.jpg,normal_exposure,normal_exposure,0.9957270622253418,0.00427301786839962,True
PXL_20220922_161107253.PORTRAIT.jpg,normal_exposure,normal_exposure,0.9926518797874451,0.00734814302995801,True
PXL_20220922_161120533.PORTRAIT.jpg,normal_exposure,normal_exposure,0.9995347261428833,0.0004652682691812515,True
PXL_20220922_161144902.PORTRAIT.jpg,normal_exposure,normal_exposure,0.9985577464103699,0.0014422745443880558,True
PXL_20220922_161148471.PORTRAIT.jpg,normal_exposure,normal_exposure,0.9991470575332642,0.0008529002661816776,True
PXL_20220922_161436829.jpg,normal_exposure,normal_exposure,0.8532474040985107,0.14675264060497284,True
PXL_20220922_161443026.jpg,normal_exposure,normal_exposure,0.9886525273323059,0.01134751457720995,True
PXL_20220922_161445106.jpg,normal_exposure,normal_exposure,0.9378665685653687,0.06213345006108284,True
PXL_20220922_161857653.jpg,normal_exposure,normal_exposure,0.9148081541061401,0.08519186824560165,True
PXL_20220922_161908046.jpg,normal_exposure,normal_exposure,0.9741470217704773,0.02585294097661972,True
PXL_20220922_161921427.jpg,normal_exposure,normal_exposure,0.9896600246429443,0.01033998467028141,True
PXL_20220922_161932128.jpg,normal_exposure,normal_exposure,0.9773122072219849,0.022687789052724838,True
PXL_20220922_162015840.jpg,normal_exposure,normal_exposure,0.8688951134681702,0.13110487163066864,True
PXL_20220922_162033560.jpg,normal_exposure,normal_exposure,0.9710119366645813,0.028988057747483253,True
PXL_20220922_162038772.jpg,normal_exposure,normal_exposure,0.9381200075149536,0.061879999935626984,True
PXL_20220922_162046872.jpg,normal_exposure,normal_exposure,0.931721031665802,0.06827892363071442,True
PXL_20220922_162052907.jpg,normal_exposure,normal_exposure,0.8825258612632751,0.11747406423091888,True
PXL_20220922_162054939.jpg,normal_exposure,normal_exposure,0.9644982814788818,0.035501763224601746,True
PXL_20220922_162222156.jpg,normal_exposure,under_exposure,0.16852827370166779,0.8314717411994934,False
PXL_20220922_162304847.jpg,normal_exposure,under_exposure,0.261109322309494,0.7388906478881836,False
PXL_20220922_162306073.jpg,normal_exposure,normal_exposure,0.7012909054756165,0.29870912432670593,True
PXL_20220922_162353104.jpg,normal_exposure,normal_exposure,0.9658247232437134,0.03417520597577095,True
PXL_20220922_162358077.jpg,normal_exposure,normal_exposure,0.8588241934776306,0.14117586612701416,True
PXL_20220922_162359800.jpg,normal_exposure,normal_exposure,0.7326604127883911,0.2673395872116089,True
PXL_20220922_162401809.jpg,normal_exposure,normal_exposure,0.878269374370575,0.12173064053058624,True
PXL_20220922_162409257.jpg,normal_exposure,normal_exposure,0.6190547347068787,0.38094523549079895,True
PXL_20220922_162424266.jpg,normal_exposure,normal_exposure,0.8676260709762573,0.13237391412258148,True
PXL_20220922_162425765.jpg,normal_exposure,normal_exposure,0.9534727931022644,0.04652722179889679,True
PXL_20220922_162429314.jpg,normal_exposure,normal_exposure,0.8004913330078125,0.1995086520910263,True
PXL_20220922_162431213.jpg,normal_exposure,normal_exposure,0.5788002610206604,0.421199768781662,True
PXL_20220922_162746982.jpg,normal_exposure,normal_exposure,0.9781090021133423,0.021890953183174133,True
PXL_20220922_162824514.jpg,normal_exposure,normal_exposure,0.8147287964820862,0.18527120351791382,True
PXL_20220922_162910059.jpg,normal_exposure,normal_exposure,0.9742822051048279,0.025717774406075478,True
PXL_20220922_162917375.jpg,normal_exposure,normal_exposure,0.9341230392456055,0.06587701290845871,True
PXL_20220922_162924532.jpg,normal_exposure,normal_exposure,0.9575607180595398,0.04243932291865349,True
PXL_20220922_162937771.jpg,normal_exposure,normal_exposure,0.9683288931846619,0.03167115896940231,True
PXL_20220922_163031782.jpg,normal_exposure,normal_exposure,0.8728468418121338,0.12715314328670502,True
PXL_20220922_163045525.jpg,normal_exposure,normal_exposure,0.9158771634101868,0.08412283658981323,True
PXL_20220922_163049541.jpg,normal_exposure,normal_exposure,0.9452953934669495,0.05470461770892143,True
PXL_20220922_163052549.jpg,normal_exposure,normal_exposure,0.9718533754348755,0.028146550059318542,True
PXL_20220922_163150248.jpg,normal_exposure,normal_exposure,0.8930035829544067,0.10699634999036789,True
PXL_20220922_163330235.jpg,normal_exposure,normal_exposure,0.689885675907135,0.31011438369750977,True
PXL_20220922_163336203.jpg,normal_exposure,under_exposure,0.23296141624450684,0.7670385837554932,False
PXL_20220922_163343338.jpg,normal_exposure,normal_exposure,0.9104843139648438,0.08951571583747864,True
PXL_20220922_173251686.jpg,normal_exposure,normal_exposure,0.9165569543838501,0.08344299346208572,True
PXL_20220922_173319356.jpg,normal_exposure,normal_exposure,0.8348281383514404,0.16517183184623718,True
PXL_20220922_173350162.jpg,normal_exposure,normal_exposure,0.9096542000770569,0.09034578502178192,True
PXL_20220922_173411408.jpg,normal_exposure,normal_exposure,0.9191710948944092,0.0808289498090744,True
PXL_20220922_173448953.jpg,normal_exposure,normal_exposure,0.9031627178192139,0.09683724492788315,True
PXL_20220922_173456436.jpg,normal_exposure,normal_exposure,0.9309980273246765,0.06900195777416229,True
PXL_20220922_173459363.jpg,normal_exposure,normal_exposure,0.9697698354721069,0.030230140313506126,True
PXL_20220922_173505354.jpg,normal_exposure,normal_exposure,0.8979017734527588,0.10209816694259644,True
PXL_20220922_173507870.jpg,normal_exposure,normal_exposure,0.8601066470146179,0.13989336788654327,True
PXL_20220922_173513639.jpg,normal_exposure,normal_exposure,0.9351774454116821,0.06482260674238205,True
PXL_20220922_173515925.jpg,normal_exposure,normal_exposure,0.9404364824295044,0.05956351384520531,True
PXL_20220922_173522398.jpg,normal_exposure,normal_exposure,0.9316895008087158,0.06831053644418716,True
PXL_20220922_173736762.jpg,normal_exposure,under_exposure,0.04202944040298462,0.9579705595970154,False
PXL_20220922_173921134.jpg,normal_exposure,normal_exposure,0.8293893933296204,0.17061054706573486,True
PXL_20220922_173932021.jpg,normal_exposure,under_exposure,0.38016363978385925,0.6198363900184631,False
PXL_20220922_173952716.jpg,normal_exposure,normal_exposure,0.9985585808753967,0.0014413668541237712,True
PXL_20220922_174007933.jpg,normal_exposure,normal_exposure,0.9994615912437439,0.0005384596879594028,True
PXL_20220922_174009443.jpg,normal_exposure,normal_exposure,0.999832272529602,0.000167690624948591,True
PXL_20220922_174011830.jpg,normal_exposure,normal_exposure,0.9994956254959106,0.000504397670738399,True
PXL_20220922_174018423.jpg,normal_exposure,normal_exposure,0.9993107318878174,0.0006893007666803896,True
PXL_20220922_174030115.jpg,normal_exposure,normal_exposure,0.9981379508972168,0.0018620917107909918,True
PXL_20220922_174035795.jpg,normal_exposure,normal_exposure,0.9957524538040161,0.0042474959045648575,True
PXL_20220922_174104129.jpg,normal_exposure,normal_exposure,0.9962403774261475,0.0037595706526190042,True
PXL_20220922_174114139.jpg,normal_exposure,normal_exposure,0.9871867895126343,0.012813189998269081,True
PXL_20220922_174122571.jpg,normal_exposure,normal_exposure,0.9993172883987427,0.0006827022298239172,True
PXL_20220922_174131827.jpg,normal_exposure,normal_exposure,0.9902893304824829,0.009710737504065037,True
PXL_20220922_174151131.jpg,normal_exposure,normal_exposure,0.9903330206871033,0.009667002595961094,True
PXL_20220922_174152791.jpg,normal_exposure,normal_exposure,0.9934173822402954,0.006582643371075392,True
PXL_20220922_174221777.jpg,normal_exposure,normal_exposure,0.994577169418335,0.005422873422503471,True
PXL_20220922_174227786.jpg,normal_exposure,normal_exposure,0.9893226027488708,0.010677426122128963,True
PXL_20220922_174358684.jpg,normal_exposure,normal_exposure,0.9291576147079468,0.07084240764379501,True
PXL_20220922_174400298.jpg,normal_exposure,normal_exposure,0.9813588261604309,0.018641164526343346,True
PXL_20220922_174406287.jpg,normal_exposure,normal_exposure,0.9933297038078308,0.006670324597507715,True
PXL_20220922_174431750.jpg,normal_exposure,normal_exposure,0.6781349182128906,0.32186511158943176,True
PXL_20220922_174437829.jpg,normal_exposure,normal_exposure,0.9676633477210999,0.032336678355932236,True
PXL_20220922_174440762.jpg,normal_exposure,normal_exposure,0.9075831770896912,0.09241677075624466,True
PXL_20220922_174516272.jpg,normal_exposure,normal_exposure,0.9156688451766968,0.08433117717504501,True
PXL_20220922_174521457.jpg,normal_exposure,normal_exposure,0.9712642431259155,0.028735797852277756,True
PXL_20220922_174523104.jpg,normal_exposure,normal_exposure,0.9441839456558228,0.05581600219011307,True
PXL_20220922_174547563.jpg,normal_exposure,normal_exposure,0.9899027347564697,0.010097285732626915,True
PXL_20220922_175138290.jpg,normal_exposure,normal_exposure,0.9896017909049988,0.010398262180387974,True
PXL_20220922_175151358.jpg,normal_exposure,normal_exposure,0.9566304087638855,0.0433695986866951,True
PXL_20220922_175155744.jpg,normal_exposure,normal_exposure,0.9306076169013977,0.06939241290092468,True
PXL_20220922_175157945.jpg,normal_exposure,normal_exposure,0.9925960898399353,0.0074039180763065815,True
PXL_20220922_175201134.jpg,normal_exposure,normal_exposure,0.9745925068855286,0.025407463312149048,True
PXL_20220922_175304753.jpg,normal_exposure,normal_exposure,0.9988665580749512,0.0011334203882142901,True
PXL_20220922_175315326.jpg,normal_exposure,normal_exposure,0.9952642917633057,0.004735732916742563,True
PXL_20220922_175353614.jpg,normal_exposure,normal_exposure,0.9632640480995178,0.036735959351062775,True
PXL_20220922_175355467.jpg,normal_exposure,normal_exposure,0.9869455695152283,0.013054401613771915,True
PXL_20220922_175703876.jpg,normal_exposure,normal_exposure,0.9382188320159912,0.06178119778633118,True
PXL_20220922_175705794.jpg,normal_exposure,normal_exposure,0.9314912557601929,0.06850868463516235,True
PXL_20220922_175710848.jpg,normal_exposure,normal_exposure,0.9645683765411377,0.03543168306350708,True
PXL_20220922_175713987.jpg,normal_exposure,normal_exposure,0.8854084014892578,0.11459163576364517,True
PXL_20220922_175718926.jpg,normal_exposure,normal_exposure,0.7380431890487671,0.2619568109512329,True
PXL_20220922_175732630.jpg,normal_exposure,normal_exposure,0.9915024042129517,0.008497640490531921,True
PXL_20220922_175737649.jpg,normal_exposure,normal_exposure,0.8771792054176331,0.12282072752714157,True
PXL_20220922_175919159.jpg,normal_exposure,normal_exposure,0.8765504360198975,0.12344957143068314,True
PXL_20220922_175937878.jpg,normal_exposure,normal_exposure,0.9460894465446472,0.05391060933470726,True
PXL_20220922_180349385.jpg,normal_exposure,under_exposure,0.284680038690567,0.7153199911117554,False
PXL_20220922_180356379.jpg,normal_exposure,normal_exposure,0.7016476988792419,0.29835230112075806,True
PXL_20220922_180357914.jpg,normal_exposure,under_exposure,0.3286556303501129,0.6713443994522095,False
PXL_20220922_180359528.jpg,normal_exposure,normal_exposure,0.9315690398216248,0.06843095272779465,True
PXL_20220922_180402602.jpg,normal_exposure,under_exposure,0.47162672877311707,0.5283733010292053,False
PXL_20220922_182633863.jpg,normal_exposure,normal_exposure,0.9601196050643921,0.039880458265542984,True
PXL_20220922_182645489.jpg,normal_exposure,normal_exposure,0.9522058367729187,0.047794099897146225,True
PXL_20220922_182647374.jpg,normal_exposure,normal_exposure,0.9806463718414307,0.019353585317730904,True
PXL_20220922_182706230.jpg,normal_exposure,normal_exposure,0.9067705869674683,0.09322942793369293,True
PXL_20220922_182708946.jpg,normal_exposure,normal_exposure,0.9552607536315918,0.04473928362131119,True
PXL_20220922_182710449.jpg,normal_exposure,normal_exposure,0.8725467920303345,0.12745323777198792,True
PXL_20220922_182722342.jpg,normal_exposure,normal_exposure,0.8332294821739197,0.16677050292491913,True
PXL_20220922_183041910.jpg,normal_exposure,normal_exposure,0.8943612575531006,0.10563870519399643,True
PXL_20220922_183052857.jpg,normal_exposure,normal_exposure,0.7092414498329163,0.29075855016708374,True
PXL_20220922_183125041.jpg,normal_exposure,under_exposure,0.49488189816474915,0.5051181316375732,False
PXL_20220922_183136584.jpg,normal_exposure,under_exposure,0.39060845971107483,0.6093915104866028,False
PXL_20220922_183259162.jpg,normal_exposure,normal_exposure,0.8260374665260315,0.17396250367164612,True
PXL_20220922_183318443.jpg,normal_exposure,normal_exposure,0.5548590421676636,0.4451409578323364,True
PXL_20220922_183322816.jpg,normal_exposure,normal_exposure,0.6717544794082642,0.3282455503940582,True
PXL_20220922_183448133.jpg,normal_exposure,normal_exposure,0.8147076368331909,0.1852923333644867,True
PXL_20220922_183456183.jpg,normal_exposure,under_exposure,0.378246545791626,0.621753454208374,False
PXL_20220922_183506625.jpg,normal_exposure,under_exposure,0.48988908529281616,0.5101108551025391,False
PXL_20220922_183517768.jpg,normal_exposure,under_exposure,0.38412943482398987,0.6158705949783325,False
PXL_20220922_183518814.jpg,normal_exposure,normal_exposure,0.8670893907546997,0.1329106241464615,True
PXL_20220922_183530266.jpg,normal_exposure,normal_exposure,0.814732015132904,0.18526798486709595,True
PXL_20220922_183609632.PORTRAIT.jpg,normal_exposure,under_exposure,0.2553448975086212,0.7446550726890564,False
PXL_20220922_183620053.PORTRAIT.jpg,normal_exposure,under_exposure,0.14129818975925446,0.858701765537262,False
PXL_20220922_185158900.jpg,normal_exposure,normal_exposure,0.8831755518913269,0.11682449281215668,True
PXL_20220922_185206022.jpg,normal_exposure,normal_exposure,0.9498276710510254,0.0501723513007164,True
PXL_20220922_185224507.jpg,normal_exposure,normal_exposure,0.9722097516059875,0.0277902502566576,True
PXL_20220922_185242494.jpg,normal_exposure,normal_exposure,0.9857287406921387,0.014271210879087448,True
PXL_20220922_185248297.jpg,normal_exposure,normal_exposure,0.9722530245780945,0.027746951207518578,True
PXL_20220922_192608497.jpg,normal_exposure,normal_exposure,0.9766313433647156,0.02336862124502659,True
PXL_20220922_192610554.jpg,normal_exposure,normal_exposure,0.9462987184524536,0.053701251745224,True
PXL_20220922_192615914.jpg,normal_exposure,normal_exposure,0.9325060248374939,0.06749394536018372,True
PXL_20220922_192618611.jpg,normal_exposure,normal_exposure,0.9708367586135864,0.029163261875510216,True
PXL_20220922_192625680.jpg,normal_exposure,normal_exposure,0.9790332913398743,0.020966676995158195,True
PXL_20220922_192637943.jpg,normal_exposure,normal_exposure,0.9892409443855286,0.010759060271084309,True
PXL_20220922_192709617.jpg,normal_exposure,normal_exposure,0.9882684946060181,0.011731519363820553,True
PXL_20220922_192714792.jpg,normal_exposure,normal_exposure,0.8558605909347534,0.14413945376873016,True
PXL_20220922_193457393.jpg,normal_exposure,normal_exposure,0.9787832498550415,0.02121676318347454,True
PXL_20220922_193502239.jpg,normal_exposure,normal_exposure,0.982379138469696,0.017620908096432686,True
PXL_20220922_193503938.jpg,normal_exposure,normal_exposure,0.9127012491226196,0.08729880303144455,True
PXL_20220922_194043213.PORTRAIT.jpg,normal_exposure,normal_exposure,0.8909657001495361,0.10903428494930267,True
PXL_20220922_194054240.PORTRAIT.jpg,normal_exposure,normal_exposure,0.9405171871185303,0.05948283150792122,True
PXL_20220922_194109470.PORTRAIT.jpg,normal_exposure,normal_exposure,0.9098460078239441,0.09015402942895889,True
PXL_20220922_194144154.PORTRAIT.jpg,normal_exposure,normal_exposure,0.9371300339698792,0.06286998838186264,True
PXL_20220922_194544335.jpg,normal_exposure,normal_exposure,0.6709190011024475,0.3290810286998749,True
PXL_20220922_194550829.jpg,normal_exposure,normal_exposure,0.7572774887084961,0.2427225261926651,True
PXL_20220922_194557410.jpg,normal_exposure,normal_exposure,0.7018471360206604,0.298152893781662,True
PXL_20220922_194659198.jpg,normal_exposure,normal_exposure,0.7417600154876709,0.2582399845123291,True
PXL_20220922_194806383.jpg,normal_exposure,normal_exposure,0.9336876273155212,0.06631235778331757,True
PXL_20220922_194808967.jpg,normal_exposure,normal_exposure,0.9737551808357239,0.02624480612576008,True
PXL_20220922_194815935.jpg,normal_exposure,normal_exposure,0.8510515093803406,0.14894847571849823,True
PXL_20220922_194826234.jpg,normal_exposure,normal_exposure,0.9418911933898926,0.05810888484120369,True
PXL_20220922_194833505.jpg,normal_exposure,normal_exposure,0.9777076840400696,0.02229231782257557,True
PXL_20220922_195423628.jpg,normal_exposure,normal_exposure,0.9987455606460571,0.001254415255971253,True
PXL_20220922_195656401.jpg,normal_exposure,normal_exposure,0.9985951781272888,0.001404825015924871,True
PXL_20220922_195711268.jpg,normal_exposure,normal_exposure,0.9981734752655029,0.0018265210092067719,True
PXL_20220922_195725795.jpg,normal_exposure,normal_exposure,0.9988797307014465,0.0011203085305169225,True
PXL_20220922_195829652.jpg,normal_exposure,normal_exposure,0.9990673661231995,0.0009326698491349816,True
PXL_20220922_200152527.jpg,normal_exposure,normal_exposure,0.612399160861969,0.387600839138031,True
PXL_20220922_200205248.jpg,normal_exposure,normal_exposure,0.9970205426216125,0.0029793919529765844,True
PXL_20220922_200206611.jpg,normal_exposure,normal_exposure,0.9902920126914978,0.009708018973469734,True
PXL_20220922_200441666.jpg,normal_exposure,normal_exposure,0.9716430902481079,0.02835686504840851,True
PXL_20220922_200512276.jpg,normal_exposure,normal_exposure,0.9867161512374878,0.013283852487802505,True
PXL_20220922_200829155.jpg,normal_exposure,normal_exposure,0.8534560799598694,0.146543949842453,True
PXL_20220922_200836956.jpg,normal_exposure,normal_exposure,0.7081084251403809,0.29189157485961914,True
PXL_20220922_200843113.jpg,normal_exposure,normal_exposure,0.5654634833335876,0.4345364570617676,True
PXL_20220922_200918851.jpg,normal_exposure,normal_exposure,0.740593433380127,0.25940653681755066,True
PXL_20220922_200959790.jpg,normal_exposure,normal_exposure,0.9162710309028625,0.08372895419597626,True
PXL_20220922_201010784.jpg,normal_exposure,normal_exposure,0.7318081855773926,0.2681918442249298,True
PXL_20220922_201019240.jpg,normal_exposure,normal_exposure,0.8152063488960266,0.18479366600513458,True
PXL_20220922_201100125.jpg,normal_exposure,normal_exposure,0.999695897102356,0.0003041226009372622,True
PXL_20220922_201104283.jpg,normal_exposure,normal_exposure,0.9991005659103394,0.0008994939853437245,True
PXL_20220922_201123752.jpg,normal_exposure,normal_exposure,0.9989221096038818,0.001077936845831573,True
PXL_20220922_201154083.jpg,normal_exposure,normal_exposure,0.6666072010993958,0.3333927392959595,True
PXL_20220922_131234792.jpg,under_exposure,normal_exposure,0.8196961283683777,0.18030384182929993,False
